DoctorID,DoctorNumber,DoctorName,BirthDate,FirstEpisodeDate,LastEpisodeDate
1,959,Amiya Pagac,6/9/1991,3/7/1997,1/26/1990
2,87866490,Britney Grimes,3/30/1973,4/6/1980,12/17/1989
3,3605935,Raquel Douglas,6/19/1988,12/2/2015,7/7/1989
4,267,Aisha Boyer,1/23/2015,3/30/1978,2/13/2006
5,78982228,Olaf Rowe,3/26/1989,12/4/1971,11/6/2006
6,41180,Lacey Crona,3/14/1990,9/29/1983,9/17/2017
7,1442,Jessie Hauck,3/19/2003,3/30/2010,1/22/2017
8,31414178,Eulalia Medhurst,5/7/1987,12/2/1984,10/6/2004
9,111277814,Frances Lockman,8/9/2017,11/26/1982,11/9/2015
10,225404705,Jack Conn,6/15/1973,1/4/2011,7/5/2016
11,488476,Broderick Dach,5/29/2003,10/18/1997,9/11/2012
12,9483355,Isabella Kassulke,11/17/1978,5/28/1999,12/3/1997
13,1,Judd Zieme,5/7/1980,1/4/1983,3/1/2014
14,274,Mozell Watsica,8/5/2019,12/22/1976,4/5/1970
15,839521112,Bernie Gleichner,1/1/2010,7/24/1980,2/19/1990
16,2224,Whitney Durgan,7/4/1996,6/25/1995,4/9/2003
17,847955717,Jamie Goodwin,7/1/1989,6/6/1991,11/4/2004
18,6846,Aliza Mills,7/6/2020,4/15/1989,11/13/1998
19,4,Ellsworth Casper,11/6/1997,5/12/2005,2/18/1990
20,5348451,Issac Schaefer,2/16/1978,6/29/1996,4/22/2010
21,125427607,Aidan Kuhlman,3/1/2002,8/28/2002,10/9/2018
22,22031897,Jesus Von,12/19/1992,7/3/2021,11/10/1982
23,4880045,Jevon Bode,3/31/1975,7/22/1989,5/1/2014
24,506510507,Amber Kihn,7/14/1979,6/11/1996,5/30/2020
25,890840101,Kaylin Roob,1/2/2000,1/12/1995,10/6/1989
26,12453,Rosina Davis,7/8/1981,6/15/1972,11/6/2008
27,185290789,Yasmin Schmitt,4/5/2021,6/25/2016,12/21/2003
28,6,Elnora Hane,12/10/2019,10/21/1985,2/15/1985
29,871,Aniyah Stoltenberg,1/10/2002,2/5/1997,10/21/1979
30,4213,Lisette Rosenbaum,1/20/2000,1/25/1991,12/29/1986
31,29981311,Ladarius West,10/30/2016,6/25/1986,3/24/2008
32,24,Everett Boehm,2/14/1972,7/22/2019,11/3/1974
33,316924,Lori Dach,5/23/1974,5/9/2007,6/25/1976
34,5585105,Gail Pfeffer,10/8/2020,11/20/1979,3/18/1976
35,944829767,Orval Weissnat,1/27/2019,4/15/1998,2/1/1993
36,645551742,Cielo Funk,10/24/1984,2/10/1985,12/21/1979
37,98289,Malika Davis,9/27/2000,4/2/2021,7/11/1992
38,19,Wilton Lesch,10/4/2007,10/7/2011,9/9/1987
39,618,Alyce Graham,12/6/1992,9/21/1995,10/11/1978
40,14471,Mathilde Breitenberg,8/19/2018,6/28/1998,10/20/1998
41,1303,Kayleigh Waters,12/14/2000,10/3/1999,2/15/1971
42,72691863,Guillermo Deckow,9/25/1992,2/16/1996,5/2/1976
43,98167720,Karolann King,5/17/1994,7/11/2001,11/29/2013
44,1052435,Rene Reilly,10/31/1980,8/28/2019,2/22/2015
45,87936588,Connor Deckow,1/14/2009,4/28/2016,7/14/2001
46,86576,Willow Bahringer,1/19/1985,6/21/1981,1/11/1977
47,2,Lupe Boyle,11/17/1998,8/27/2008,4/12/1975
48,242,Rae Littel,3/12/2021,6/12/1974,5/4/1983
49,78,Jenifer Walsh,1/18/1977,1/11/1985,9/26/2020
50,57,William Erdman,6/6/2014,2/17/2020,11/7/2015
51,3570,Jeffery Hyatt,8/7/1991,8/14/2006,1/24/2016
52,8,Ewald Hettinger,10/15/2000,3/31/1975,1/20/1996
53,959,Velda Sauer,12/25/1991,12/12/2017,4/15/2006
54,941,Waino Kutch,7/2/2010,7/21/1977,4/30/1980
55,4,Ferne Barrows,11/29/1976,7/23/1984,11/29/2017
56,12202,Imelda Bradtke,7/21/2000,12/13/1992,1/9/2002
57,7,Waldo Gaylord,1/12/1985,7/9/2019,11/29/2018
58,658,Nova Vandervort,5/21/1986,9/18/2017,4/7/1974
59,566109811,Carleton Jerde,7/20/1999,3/10/1971,6/8/1977
60,754192,Toney Torphy,10/8/1994,10/28/1986,3/4/1973
61,83255,Providenci Schulist,8/1/1999,5/21/1973,9/18/1992
62,32608,Kiana Morar,1/12/1975,4/9/1974,6/30/1998
63,9181244,Emmitt Swaniawski,5/25/1998,3/7/1979,8/8/1977
64,324,Layla Klein,4/18/1995,1/18/2007,4/19/1986
65,86549176,Arielle Kuhlman,9/25/1973,12/25/1990,2/15/1998
66,47501031,Dessie Lindgren,5/10/1981,7/11/2011,5/11/1999
67,2,Dora McKenzie,8/19/1971,11/11/1979,7/6/1990
68,100215684,Ciara Toy,6/30/2010,3/4/1986,3/20/1992
69,52830533,Jakob Jakubowski,8/30/2014,11/28/1987,5/28/2015
70,6868796,Fermin Schamberger,4/17/1975,8/26/2002,9/17/1997
71,446975,Nick Emard,4/21/1972,11/3/1996,11/30/1988
72,9,Catalina Feeney,11/26/2004,6/7/1998,2/20/1983
73,1046081,Casper Reichert,4/19/1974,3/27/1986,10/18/1996
74,207,Jolie Schneider,1/24/1996,10/30/1971,1/25/1972
75,521,Geovany Waters,2/17/1984,5/22/1994,7/5/1970
76,130821,Sammy Davis,2/23/2003,12/29/2015,12/22/1987
77,1196,Lucious Cormier,1/30/1985,9/1/2001,5/23/1979
78,80988,Misty Yost,2/23/2017,9/16/1996,12/19/1998
79,5426,Ashlynn Rutherford,4/29/2020,1/3/1970,3/14/1991
80,882,Creola O'Conner,6/17/1980,6/7/1972,2/23/1997
81,3562763,Arne Bergstrom,9/30/2006,5/30/1976,10/20/1973
82,629585693,Macie Jones,10/5/1977,8/4/2017,10/21/2000
83,5029,Kaden Schulist,2/3/2009,1/28/1995,1/17/1998
84,5785,Orlando Labadie,11/7/2009,7/13/2002,4/21/2011
85,85103,Rosario O'Conner,2/6/1987,6/6/1987,2/8/1983
86,9,Jeremie Nienow,4/2/1989,9/12/1973,9/29/1986
87,82469078,Jovanny O'Kon,4/14/1987,3/12/1979,12/8/1998
88,439356041,Margaret Cronin,6/26/1992,12/1/1994,10/4/2010
89,65425,Kurt Kovacek,4/13/2021,10/23/1989,7/5/2008
90,83030,Arne Will,1/21/1989,6/30/2002,2/7/1991
91,4483,Evelyn Marquardt,4/10/1996,5/15/2004,4/1/1985
92,1689496,Matilde Price,5/25/1976,1/2/1978,6/14/1988
93,48838,Taylor West,3/5/2015,12/8/1974,1/6/2011
94,485943,Elody Schuster,8/16/2007,5/10/2016,3/7/2007
95,59,Schuyler Kutch,9/19/1982,5/6/2014,3/26/1977
96,6,Norris Gutkowski,4/24/1975,6/8/1992,9/21/2001
97,55,Bernhard Abernathy,1/31/1978,1/26/1972,9/4/2006
98,3,Modesto Howe,4/29/1995,1/28/2018,3/11/2003
99,8,Francisco Bins,4/22/2011,9/16/1981,9/20/1984
100,3,Seamus Reichel,4/24/2015,8/2/1972,12/2/2017
